"Agency Code","Agency Name","Agency Informal Name","Active","Abbreviation","CommCollege","Corrections","HigherEd","Secretarial Area Code","Secretarial Area Name","SortOrder","Responsible Agency","OpBudDev","CapBudDev","OpBudExec","CapBudExec","SPParticipant","RollupAgencyCode"
"100","Senate of Virginia","Senate","Active","SOV","No","No","No","7","Legislative","001001","100","Yes","Yes","Yes","Yes","No","100"
"101","House of Delegates","House of Delegates","Active","HDEL","No","No","No","7","Legislative","001000","101","Yes","Yes","Yes","Yes","No","101"
"102","Legislative Department Reversion Clearing Account","Legislative Reversion Clearing Account","Active","LDRCA","No","No","No","7","Legislative","033000","102","Yes","Yes","Yes","Yes","No","102"
"103","Magistrate System","Magistrates","Active","MAG","No","No","No","8","Judicial","040000","111","Yes","Yes","Yes","Yes","No","103"
"104","Judicial Department Reversion Clearing Account","Judicial Reversion Account","Active","JDRCA","No","No","No","8","Judicial","046000","104","Yes","Yes","Yes","Yes","No","104"
"105","Virginia Commission on Intergovernmental Cooperation","Commission on Intergovernmental Cooperation","Active","VCIC","No","No","No","7","Legislative","032000","105","Yes","Yes","Yes","Yes","No","105"
"107","Division of Legislative Services","Legislative Services","Active","DLS","No","No","No","7","Legislative","006000","107","Yes","Yes","Yes","Yes","No","107"
"108","Virginia Code Commission","Code Commission","Active","VCC","No","No","No","7","Legislative","016000","107","Yes","Yes","Yes","Yes","No","108"
"109","Division of Legislative Automated Systems","Legislative Automated Systems","Active","DLAS","No","No","No","7","Legislative","005000","109","Yes","Yes","Yes","Yes","No","109"
"110","Joint Legislative Audit and Review Commission","JLARC","Active","JLARC","No","No","No","7","Legislative","031000","110","Yes","Yes","Yes","Yes","No","110"
"111","Supreme Court","Supreme Court","Active","SUPCT","No","No","No","8","Judicial","034000","111","Yes","Yes","Yes","Yes","No","111"
"112","Judicial Inquiry and Review Commission","Judicial Inquiry & Review","Active","JIRC","No","No","No","8","Judicial","042000","112","Yes","Yes","Yes","Yes","No","112"
"113","Circuit Courts","Circuit Courts","Active","CCV","No","No","No","8","Judicial","036000","111","Yes","Yes","Yes","Yes","No","113"
"114","General District Courts","District Courts","Active","GDC","No","No","No","8","Judicial","037000","111","Yes","Yes","Yes","Yes","No","114"
"115","Juvenile and Domestic Relations District Courts","JD&R Court","Active","JDRC","No","No","No","8","Judicial","038000","111","Yes","Yes","Yes","Yes","No","115"
"116","Combined District Courts","Combined Courts","Active","CDC","No","No","No","8","Judicial","039000","111","Yes","Yes","Yes","Yes","No","116"
"117","Virginia State Bar","State Bar","Active","VSB","No","No","No","8","Judicial","045000","117","Yes","Yes","Yes","Yes","No","117"
"119","Lieutenant Governor","Lt. Governor","Active","LTGOV","No","No","No","4","Executive Offices","048000","119","Yes","Yes","Yes","Yes","No","119"
"121","Office of the Governor","Governor's Office","Active","GOV","No","No","No","4","Executive Offices","047000","121","Yes","Yes","Yes","Yes","No","121"
"122","Department of Planning and Budget","Planning & Budget","Active","DPB","No","No","No","13","Finance","127000","122","Yes","Yes","Yes","Yes","Yes","122"
"123","Department of Military Affairs","Military Affairs","Active","DMA","No","No","No","20","Veterans and Defense Affairs","183510","123","Yes","Yes","Yes","Yes","Yes","123"
"125","Court of Appeals of Virginia","Court of Appeals","Active","CAV","No","No","No","8","Judicial","035000","111","Yes","Yes","Yes","Yes","No","125"
"127","Department of Emergency Management","Emergency Management","Active","DEM","No","No","No","6","Public Safety and Homeland Security","163000","127","Yes","Yes","Yes","Yes","Yes","127"
"128","Davis & McDaniel Veterans Care Center","Davis & McDaniel Care Center","Active","DM-VCC","No","No","No","20","Veterans and Defense Affairs","","912","No","No","Yes","Yes","No","912"
"129","Department of Human Resource Management","Human Resource Management","Active","DHRM","No","No","No","12","Administration","060000","129","Yes","Yes","Yes","Yes","Yes","129"
"132","Department of Elections","Elections","Active","ELECT","No","No","No","12","Administration","064000","132","Yes","Yes","Yes","Yes","Yes","132"
"133","Auditor of Public Accounts","APA","Active","APA","No","No","No","7","Legislative","002000","133","Yes","Yes","Yes","Yes","No","133"
"136","Virginia Information Technologies Agency","VITA","Active","VITA","No","No","No","12","Administration","174000","136","Yes","Yes","Yes","Yes","Yes","136"
"140","Department of Criminal Justice Services","Criminal Justice Services","Active","DCJS","No","No","No","6","Public Safety and Homeland Security","162000","140","Yes","Yes","Yes","Yes","Yes","140"
"141","Attorney General and Department of Law","Attorney General","Active","OAG","No","No","No","4","Executive Offices","049000","141","Yes","Yes","Yes","Yes","No","141"
"142","Virginia State Crime Commission","Crime Commission","Active","VSCC","No","No","No","7","Legislative","030585","142","Yes","Yes","Yes","Yes","No","142"
"143","Division of Debt Collection","Debt Collection","Active","DDC","No","No","No","4","Executive Offices","050000","141","Yes","Yes","Yes","Yes","No","143"
"145","Commissioners for the Promotion of Uniformity of Legislation in the United States","Commissioners for the Promotion of Uniform State Laws","Active","CPUL","No","No","No","7","Legislative","013000","107","Yes","Yes","Yes","Yes","No","145"
"146","The Science Museum of Virginia","Science Museum","Active","SMV","No","No","No","3","Education","112000","146","Yes","Yes","Yes","Yes","Yes","146"
"147","Office of the State Inspector General","State Inspector General","Active","OSIG","No","No","No","4","Executive Offices","054500","147","Yes","No","Yes","No","No","147"
"148","Virginia Commission for the Arts","Commission for the Arts","Active","VCA","No","No","No","3","Education","113000","148","Yes","Yes","Yes","Yes","Yes","148"
"149","Administration of Health Insurance","Administration of Health Insurance","Active","AHI","No","No","No","12","Administration","061000","129","Yes","Yes","Yes","Yes","No","149"
"151","Department of Accounts","Accounts","Active","DOA","No","No","No","13","Finance","125000","151","Yes","Yes","Yes","Yes","Yes","151"
"152","Department of the Treasury","Treasury","Active","TD","No","No","No","13","Finance","129000","152","Yes","Yes","Yes","Yes","Yes","152"
"154","Department of Motor Vehicles","Motor Vehicles","Active","DMV","No","No","No","9","Transportation","177000","154","Yes","Yes","Yes","Yes","Yes","154"
"155","Treasury Board","Treasury Board","Active","TB","No","No","No","13","Finance","130000","155","Yes","Yes","Yes","Yes","No","155"
"156","Department of State Police","State Police","Active","VSP","No","No","No","6","Public Safety and Homeland Security","168000","156","Yes","Yes","Yes","Yes","Yes","156"
"157","Compensation Board","Compensation Board","Active","CB","No","No","No","12","Administration","058000","157","Yes","Yes","Yes","Yes","Yes","157"
"158","Virginia Retirement System","Retirement System","Active","VRS","No","No","No","11","Independent Agencies","190000","158","Yes","Yes","Yes","Yes","Yes","158"
"160","Virginia Criminal Sentencing Commission","Sentencing Commission","Active","VCSC","No","No","No","8","Judicial","044000","160","Yes","Yes","Yes","Yes","No","160"
"161","Department of Taxation","Taxation","Active","TAX","No","No","No","13","Finance","128000","161","Yes","Yes","Yes","Yes","Yes","161"
"162","Department of Accounts Transfer Payments","DOA Transfer Payments","Active","DOATP","No","No","No","13","Finance","126000","151","Yes","Yes","Yes","Yes","No","162"
"164","Virginia Management Fellows Program Administration","Virginia Management Fellows Program Administration","Active","VMFPA","No","No","No","12","Administration","061001","129","Yes","Yes","Yes","Yes","No","164"
"165","Department of Housing and Community Development","Housing & Community Development","Active","DHCD","No","No","No","16","Commerce and Trade","073000","165","Yes","Yes","Yes","Yes","Yes","165"
"166","Secretary of the Commonwealth","Secretary of the Commonwealth","Active","SOC","No","No","No","4","Executive Offices","051000","166","Yes","Yes","Yes","Yes","No","166"
"171","State Corporation Commission","State Corporation Commission","Active","SCC","No","No","No","11","Independent Agencies","187000","171","Yes","Yes","Yes","Yes","No","171"
"172","Virginia Lottery","Lottery","Active","VAL","No","No","No","11","Independent Agencies","188000","172","Yes","Yes","Yes","Yes","No","172"
"174","Commonwealth Savers Plan","Commonwealth Savers Plan","Active","VCSP","No","No","No","11","Independent Agencies","189000","174","Yes","Yes","Yes","Yes","No","174"
"180","Secretary of Administration","Secretary of Administration","Active","SOA","No","No","No","12","Administration","056000","180","Yes","Yes","Yes","Yes","No","180"
"181","Department of Labor and Industry","Labor & Industry","Active","DOLI","No","No","No","23","Labor","148200","181","Yes","Yes","Yes","Yes","Yes","181"
"182","Virginia Employment Commission","Employment Commission","Active","VEC","No","No","No","23","Labor","148400","182","Yes","Yes","Yes","Yes","Yes","182"
"183","Secretary of Natural and Historic Resources","Secretary of Natural and Historic Resources","Active","SNHR","No","No","No","15","Natural and Historic Resources","149000","183","Yes","Yes","Yes","Yes","No","183"
"185","Secretary of Education","Secretary Of Education","Active","SOE","No","No","No","3","Education","081000","185","Yes","Yes","Yes","Yes","No","185"
"186","Secretary of Transportation","Secretary of Transportation","Active","STO","No","No","No","9","Transportation","175000","186","Yes","Yes","Yes","Yes","No","186"
"187","Secretary of Public Safety and Homeland Security","Secretary of Public Safety and Homeland Security","Active","SPSHS","No","No","No","6","Public Safety and Homeland Security","157000","187","Yes","Yes","Yes","Yes","No","187"
"188","Secretary of Health and Human Resources","Secretary of Health & Human Resources","Active","SHHR","No","No","No","5","Health and Human Resources","131000","188","Yes","Yes","Yes","Yes","No","188"
"190","Secretary of Finance","Secretary of Finance","Active","SFIN","No","No","No","13","Finance","124000","190","Yes","Yes","Yes","Yes","No","190"
"191","Virginia Workers' Compensation Commission","Workers' Compensation","Active","VWC","No","No","No","11","Independent Agencies","191000","191","Yes","Yes","Yes","Yes","No","191"
"192","Secretary of Commerce and Trade","Secretary of Commerce & Trade","Active","SCT","No","No","No","16","Commerce and Trade","069000","192","Yes","Yes","Yes","Yes","No","192"
"193","Secretary of Agriculture and Forestry","Secretary of Agriculture & Forestry","Active","OSAF","No","No","No","19","Agriculture and Forestry","065000","193","Yes","Yes","Yes","Yes","No","193"
"194","Department of General Services","General Services","Active","DGS","No","No","No","12","Administration","059000","194","Yes","Yes","Yes","Yes","Yes","194"
"195","Secretary of Labor","Secretary of Labor","Active","SL","No","No","No","23","Labor","148100","195","Yes","Yes","No","No","No","195"
"197","Direct Aid to Public Education","Direct Aid","Active","DOE/ DAPE","No","No","No","3","Education","083000","201","Yes","Yes","Yes","Yes","No","197"
"199","Department of Conservation and Recreation","Conservation & Recreation","Active","DCR","No","No","No","15","Natural and Historic Resources","151000","199","Yes","Yes","Yes","Yes","Yes","199"
"200","Children's Services Act","Children's Services Act","Active","CSA","No","No","No","5","Health and Human Resources","132000","188","Yes","Yes","Yes","Yes","Yes","200"
"201","Department of Education, Central Office Operations","Education","Active","DOE/ COO","No","No","No","3","Education","082000","201","Yes","Yes","Yes","Yes","Yes","201"
"202","The Library Of Virginia","Library of Virginia","Active","LVA","No","No","No","3","Education","111000","202","Yes","Yes","Yes","Yes","Yes","202"
"203","Wilson Workforce and Rehabilitation Center","Wilson Workforce and Rehabilitation Center","Active","WWRC","No","No","No","5","Health and Human Resources","144000","262","Yes","Yes","Yes","Yes","Yes","203"
"204","The College of William and Mary in Virginia","William & Mary","Active","CWM","No","No","Yes","3","Education","088000","204","Yes","Yes","Yes","Yes","No","204"
"207","University of Virginia","University of Virginia","Active","UVA/AD","No","No","Yes","3","Education","098000","207","Yes","Yes","Yes","Yes","No","207"
"208","Virginia Polytechnic Institute and State University","Virginia Tech","Active","VPISU/ID","No","No","Yes","3","Education","104000","208","Yes","Yes","Yes","Yes","No","208"
"209","University of Virginia Medical Center","UVA Medical Center","Active","UVAH","No","No","Yes","3","Education","099000","207","Yes","Yes","Yes","Yes","No","209"
"211","Virginia Military Institute","Virginia Military Institute","Active","VMI","No","No","Yes","3","Education","103000","211","Yes","Yes","Yes","Yes","No","211"
"212","Virginia State University","Virginia State","Active","VSU","No","No","Yes","3","Education","106000","212","Yes","Yes","Yes","Yes","No","212"
"213","Norfolk State University","Norfolk State","Active","NSU","No","No","Yes","3","Education","094000","213","Yes","Yes","Yes","Yes","No","213"
"214","Longwood University","Longwood","Active","LU","No","No","Yes","3","Education","093000","214","Yes","Yes","Yes","Yes","No","214"
"215","University of Mary Washington","Mary Washington","Active","UMW","No","No","Yes","3","Education","097000","215","Yes","Yes","Yes","Yes","No","215"
"216","James Madison University","James Madison","Active","JMU","No","No","Yes","3","Education","092000","216","Yes","Yes","Yes","Yes","No","216"
"217","Radford University","Radford","Active","RU","No","No","Yes","3","Education","096000","217","Yes","Yes","Yes","Yes","No","217"
"218","Virginia School for the Deaf and the Blind","Deaf & the Blind","Active","VSDB","No","No","No","3","Education","085000","218","Yes","Yes","Yes","Yes","Yes","218"
"221","Old Dominion University","Old Dominion University","Active","ODU","No","No","Yes","3","Education","095000","221","Yes","Yes","Yes","Yes","No","221"
"222","Department of Professional and Occupational Regulation","Professional & Occupational Regulation","Active","DPOR","No","No","No","23","Labor","148300","222","Yes","Yes","Yes","Yes","Yes","222"
"223","Department of Health Professions","Health Professions","Active","DHP","No","No","No","5","Health and Human Resources","136000","223","Yes","Yes","Yes","Yes","Yes","223"
"226","Board of Accountancy","Board of Accountancy","Active","BOA","No","No","No","13","Finance","124001","226","Yes","Yes","Yes","Yes","Yes","226"
"229","Virginia Cooperative Extension and Agricultural Experiment Station","Virginia Tech-Extension","Active","VPISU /CE","No","No","Yes","3","Education","105000","208","Yes","Yes","Yes","Yes","No","229"
"233","Board of Bar Examiners","Bar Examiners","Active","BBE","No","No","No","8","Judicial","041000","233","Yes","Yes","Yes","Yes","No","233"
"234","Cooperative Extension and Agricultural Research Services","Virginia State-Extension","Active","VSU/ CEAR","No","No","Yes","3","Education","107000","212","Yes","Yes","Yes","Yes","No","234"
"236","Virginia Commonwealth University","Virginia Commonwealth University","Active","VCU/AD","No","No","Yes","3","Education","101000","236","Yes","Yes","Yes","Yes","No","236"
"238","Virginia Museum of Fine Arts","Museum of Fine Arts","Active","VMFA","No","No","No","3","Education","114000","238","Yes","Yes","Yes","Yes","Yes","238"
"239","Frontier Culture Museum of Virginia","Frontier Culture Museum","Active","FCMV ","No","No","No","3","Education","108000","239","Yes","Yes","Yes","Yes","Yes","239"
"241","Richard Bland College","Richard Bland","Active","RBC","No","No","Yes","3","Education","089000","241","Yes","Yes","Yes","Yes","No","241"
"242","Christopher Newport University","Christopher Newport","Active","CNU","No","No","Yes","3","Education","087000","242","Yes","Yes","Yes","Yes","No","242"
"244","Online Virginia Network Authority","Online Virginia Network Authority","Active","OVN","No","No","No","3","Education","122250","244","Yes","Yes","Yes","Yes","No","244"
"245","State Council of Higher Education for Virginia","SCHEV","Active","SCHEV","No","No","No","3","Education","086000","245","Yes","Yes","Yes","Yes","Yes","245"
"246","University of Virginia's College at Wise","UVA's College at Wise","Active","UVA/CW","No","No","Yes","3","Education","100000","207","Yes","Yes","Yes","Yes","No","246"
"247","George Mason University","George Mason ","Active","GMU","No","No","Yes","3","Education","091000","247","Yes","Yes","Yes","Yes","No","247"
"260","Virginia Community College System","Community College System","Active","VCCS","Yes","No","Yes","3","Education","102000","260","Yes","Yes","Yes","Yes","No","260"
"261","Virginia Community College System-Central Office","Community College - Central Office","Active","VCCS-CO","Yes","No","No","3","Education","","260","No","No","No","No","No","260"
"262","Department for Aging and Rehabilitative Services","Aging and Rehabilitative Services","Active","DARS","No","No","No","5","Health and Human Resources","143000","262","Yes","Yes","Yes","Yes","Yes","262"
"263","Virginia Rehabilitation Center for the Blind and Vision Impaired","Center for the Blind","Active","VRCBVI","No","No","No","5","Health and Human Resources","148000","702","Yes","Yes","Yes","Yes","Yes","263"
"268","Virginia Institute of Marine Science","Marine Science","Active","VIMS","No","No","Yes","3","Education","090000","204","Yes","Yes","Yes","Yes","No","268"
"270","Virginia Community College System  - Shared Services Center","VCCS - Shared Services Center","Active","VCCS/SSC","No","No","No","3","Education","","260","No","No","No","No","No","260"
"274","Eastern Virginia Medical School","Eastern Virginia Medical School","Active","EVMS","No","No","No","3","Education","095001","221","Yes","Yes","Yes","Yes","Yes","274"
"275","New River Community College","New River CC","Active","NRCC","Yes","No","No","3","Education","","260","No","No","No","No","No","260"
"276","Southside Virginia Community College","Southside Virginia CC","Active","SVCC","Yes","No","No","3","Education","","260","No","No","No","No","No","260"
"277","Paul D. Camp Community College","Paul D. Camp CC","Active","PDCCC","Yes","No","No","3","Education","","260","No","No","No","No","No","260"
"278","Rappahannock Community College ","Rappahannock CC","Active","RCC","Yes","No","No","3","Education","","260","No","No","No","No","No","260"
"279","Danville Community College","Danville CC","Active","DCC","Yes","No","No","3","Education","","260","No","No","No","No","No","260"
"280","Northern Virginia Community College","Northern Virginia CC","Active","NVCC","Yes","No","No","3","Education","","260","No","No","No","No","No","260"
"282","Piedmont Virginia Community College","Piedmont Virginia CC","Active","PVCC","Yes","No","No","3","Education","","260","No","No","No","No","No","260"
"283","J. Sargeant Reynolds Community College","J. Sargeant Reynolds CC","Active","JSRCC","Yes","No","No","3","Education","","260","No","No","No","No","No","260"
"284","Eastern Shore Community College","Eastern Shore CC","Active","ESCC","Yes","No","No","3","Education","","260","No","No","No","No","No","260"
"285","Patrick and Henry Community College","Patrick and Henry CC","Active","PHCC","Yes","No","No","3","Education","","260","No","No","No","No","No","260"
"286","Virginia Western Community College","Virginia Western CC","Active","VWCC","Yes","No","No","3","Education","","260","No","No","No","No","No","260"
"287","Mountain Gateway Community College","Mountain Gateway CC","Active","MGCC","Yes","No","No","3","Education","","260","No","No","No","No","No","260"
"288","Wytheville Community College","Wytheville CC","Active","WCC","Yes","No","No","3","Education","","260","No","No","No","No","No","260"
"290","Brightpoint Community College","Brightpoint CC","Active","BPCC","Yes","No","No","3","Education","","260","No","No","No","No","No","260"
"291","Blue Ridge Community College","Blue Ridge CC","Active","BRCC","Yes","No","No","3","Education","","260","No","No","No","No","No","260"
"292","Central Virginia Community College","Central Virginia CC","Active","CVCC","Yes","No","No","3","Education","","260","No","No","No","No","No","260"
"293","Virginia Peninsula Community College","Virginia Peninsula CC","Active","VPCC","Yes","No","No","3","Education","","260","No","No","No","No","No","260"
"294","Southwest Virginia Community College","Southwest Virginia CC","Active","SWVCC","Yes","No","No","3","Education","","260","No","No","No","No","No","260"
"295","Tidewater Community College","Tidewater CC","Active","TCC","Yes","No","No","3","Education","","260","No","No","No","No","No","260"
"296","Virginia Highlands Community College","Virginia Highlands CC","Active","VHCC","Yes","No","No","3","Education","","260","No","No","No","No","No","260"
"297","Germanna Community College ","Germanna CC","Active","GCC","Yes","No","No","3","Education","","260","No","No","No","No","No","260"
"298","Laurel Ridge Community College","Laurel Ridge CC","Active","LRCC","Yes","No","No","3","Education","","260","No","No","No","No","No","260"
"299","Mountain Empire Community College","Mountain Empire CC","Active","MECC","Yes","No","No","3","Education","","260","No","No","No","No","No","260"
"30","General Provisions","General Provisions","PBOnly","GP","No","No","No","21","General Provisions","999999","30","Yes","No","No","No","No","30"
"301","Department of Agriculture and Consumer Services","Agriculture","Active","VDACS","No","No","No","19","Agriculture and Forestry","066000","301","Yes","Yes","Yes","Yes","Yes","301"
"307","Agricultural Council","Agriculture Council","Active","VAC","No","No","No","19","Agriculture and Forestry","068000","307","Yes","Yes","Yes","Yes","No","307"
"309","Virginia Innovation Partnership Authority","Virginia Innovation Partnership Authority","Active","VIPA","No","No","No","16","Commerce and Trade","080010","309","Yes","Yes","Yes","Yes","Yes","309"
"31","General Fund Resources","General Fund Resources","PBOnly","GFRES","No","No","No","22","General Fund Resources","0","31","No","No","No","No","No","31"
"310","Virginia Economic Development Partnership","Economic Development Partnership","Active","VEDP","No","No","No","16","Commerce and Trade","077000","310","Yes","Yes","Yes","Yes","Yes","310"
"312","Economic Development Incentive Payments","Economic Development Incentive Payments","Active","EDIP","No","No","No","16","Commerce and Trade","070000","192","Yes","Yes","Yes","Yes","No","312"
"320","Virginia Tourism Authority","Tourism","Active","VTA","No","No","No","16","Commerce and Trade","080000","320","Yes","Yes","Yes","Yes","Yes","320"
"327","Department of Workforce Development and Advancement","","Active","DWDA","No","No","No","23","Labor","148350","327","Yes","Yes","Yes","Yes","Yes","327"
"330","Virginia-Israel Advisory Board","Virginia-Israel Advisory Board","Active","VIAB","No","No","No","7","Legislative","030566","107","Yes","No","Yes","No","No","330"
"350","Department of Small Business and Supplier Diversity","Small Business and Supplier Diversity","Active","DSBSD","No","No","No","16","Commerce and Trade","076050","350","Yes","Yes","Yes","Yes","Yes","350"
"360","Fort Monroe Authority","Fort Monroe Authority","Active","FMA","No","No","No","16","Commerce and Trade","076055","360","Yes","Yes","Yes","Yes","Yes","360"
"400","Jamestown-Yorktown Commemorations","Jamestown-Yorktown Commemorations","PBOnly","JYCOM","No","No","No","3","Education","110005","425","No","No","No","No","No","425"
"402","Marine Resources Commission","Marine Resources","Active","MRC","No","No","No","15","Natural and Historic Resources","155000","402","Yes","Yes","Yes","Yes","Yes","402"
"403","Department of Wildlife Resources","Wildlife Resources","Active","DWR","No","No","No","15","Natural and Historic Resources","153000","403","Yes","Yes","Yes","Yes","Yes","403"
"405","Virginia Racing Commission","Racing Commission","Active","VRC","No","No","No","19","Agriculture and Forestry","068010","405","Yes","Yes","Yes","Yes","Yes","405"
"407","Virginia Port Authority","Port Authority","Active","VPA","No","No","No","9","Transportation","183000","407","Yes","Yes","Yes","Yes","Yes","407"
"409","Department of Energy","Energy","Active","DNRG","No","No","No","16","Commerce and Trade","075000","409","Yes","Yes","Yes","Yes","Yes","409"
"411","Department of Forestry","Forestry","Active","DOF","No","No","No","19","Agriculture and Forestry","067000","411","Yes","Yes","Yes","Yes","Yes","411"
"413","Commission on the Virginia Alcohol Safety Action Program","Alcohol Safety Program","Active","VASAP","No","No","No","7","Legislative","003000","413","Yes","Yes","Yes","Yes","No","413"
"417","Gunston Hall","Gunston Hall ","Active","GH","No","No","No","3","Education","109000","417","Yes","Yes","Yes","Yes","Yes","417"
"423","Department of Historic Resources","Historic Resources","Active","DHR","No","No","No","15","Natural and Historic Resources","154000","423","Yes","Yes","Yes","Yes","Yes","423"
"425","Jamestown-Yorktown Foundation","Jamestown/Yorktown","Active","JYF","No","No","No","3","Education","110000","425","Yes","Yes","Yes","Yes","Yes","425"
"440","Department of Environmental Quality","Environmental Quality","Active","DEQ","No","No","No","15","Natural and Historic Resources","152000","440","Yes","Yes","Yes","Yes","Yes","440"
"454","Secretary of Veterans and Defense Affairs","Secretary of Veterans and Defense Affairs","Active","SVDA","No","No","No","20","Veterans and Defense Affairs","183020","454","Yes","Yes","Yes","Yes","No","454"
"501","Department of Transportation","Transportation","Active","VDOT","No","No","No","9","Transportation","181000","501","Yes","Yes","Yes","Yes","Yes","501"
"503","Department of Transportation Transfer Payments","VDOT Transfer Payments","Active","DOTTP","No","No","No","9","Transportation","181005","501","Yes","No","No","No","No","503"
"505","Department of Rail and Public Transportation","Rail & Public Transportation","Active","DRPT","No","No","No","9","Transportation","180000","505","Yes","Yes","Yes","Yes","Yes","505"
"506","Motor Vehicle Dealer Board","Motor Vehicle Dealer Board","Active","MVDB","No","No","No","9","Transportation","182000","506","Yes","Yes","Yes","Yes","Yes","506"
"509","Virginia Commercial Space Flight Authority","Virginia Commercial Space Flight Authority","Active","VCSFA","No","No","No","9","Transportation","175050","509","Yes","Yes","Yes","Yes","Yes","509"
"522","Virginia Passenger Rail Authority","Virginia Passenger Rail Authority","Active","VPRA","No","No","No","9","Transportation","180010","522","Yes","Yes","Yes","Yes","Yes","522"
"530","Department of Motor Vehicles Transfer Payments","Dmv Transfer Payments","Active","DMVTP","No","No","No","9","Transportation","179000","154","Yes","Yes","Yes","Yes","Yes","530"
"601","Department of Health","Health","Active","VDH","No","No","No","5","Health and Human Resources","135000","601","Yes","Yes","Yes","Yes","Yes","601"
"602","Department of Medical Assistance Services","Medicaid","Active","DMAS","No","No","No","5","Health and Human Resources","137000","602","Yes","Yes","Yes","Yes","Yes","602"
"606","Virginia Board for People with Disabilities","People with Disabilities","Active","VBPD","No","No","No","5","Health and Human Resources","146000","606","Yes","Yes","Yes","Yes","Yes","606"
"701","Department of Corrections--Central Administration","DOC Central Administration","Active","DOC/CA","No","Yes","No","6","Public Safety and Homeland Security","","799","No","No","No","No","No","799"
"702","Department for the Blind and Vision Impaired","Blind & Vision Impaired","Active","DBVI","No","No","No","5","Health and Human Resources","147000","702","Yes","Yes","Yes","Yes","Yes","702"
"703","Central State Hospital","Central State","Active","CSH","No","No","No","5","Health and Human Resources","","792","No","No","No","No","No","792"
"704","Eastern State Hospital","Eastern State","Active","ESH","No","No","No","5","Health and Human Resources","","792","No","No","No","No","No","792"
"705","Southwestern Virginia Mental Health Institute","Southwestern MHI","Active","SWMHI","No","No","No","5","Health and Human Resources","","792","No","No","No","No","No","792"
"706","Western State Hospital","Western State","Active","WSH","No","No","No","5","Health and Human Resources","","792","No","No","No","No","No","792"
"707","Central Virginia Training Center","Central Virginia Training Center","Active","CVTC","No","No","No","5","Health and Human Resources","","793","No","No","No","No","No","793"
"708","Commonwealth Center for Children and Adolescents","Commonwealth Center","Active","CCCA","No","No","No","5","Health and Human Resources","","792","No","No","No","No","No","792"
"709","Powhatan Correctional Center","Powhatan Correctional Center","Active","PCC","No","Yes","No","6","Public Safety and Homeland Security","","799","No","No","No","No","No","799"
"711","Virginia Correctional Enterprises","Correctional Enterprises","Active","DOC/CE","No","Yes","No","6","Public Safety and Homeland Security","","799","No","No","No","No","No","799"
"716","Virginia Correctional Center for Women","Correctional Center for Women","Active","VCCW","No","Yes","No","6","Public Safety and Homeland Security","","799","No","No","No","No","No","799"
"718","Bland Correctional Center","Bland Correctional Center","Active","BCC","No","Yes","No","6","Public Safety and Homeland Security","","799","No","No","No","No","No","799"
"719","James River Correctional Center","James River Correctional Center","Active","JRCC","No","Yes","No","6","Public Safety and Homeland Security","","799","No","No","No","No","No","799"
"720","Department of Behavioral Health and Developmental Services","Behavioral Health","Active","DBHDS","No","No","No","5","Health and Human Resources","138000","720","Yes","Yes","Yes","Yes","Yes","720"
"721","State Farm Enterprise Unit","State Farm Enterprise Unit","Active","SFEU","No","Yes","No","6","Public Safety and Homeland Security","","799","No","No","No","No","No","799"
"723","Southeastern Virginia Training Center","Southeastern Virginia Training Center","Active","SEVTC","No","No","No","5","Health and Human Resources","None","793","No","No","No","No","No","793"
"724","Catawba Hospital","Catawba","Active","CH","No","No","No","5","Health and Human Resources","None","792","No","No","No","No","No","792"
"728","Northern Virginia Mental Health Institute","Northern Virginia MHI","Active","NVMHI","No","No","No","5","Health and Human Resources","None","792","No","No","No","No","No","792"
"729","Piedmont Geriatric Hospital","Piedmont Geriatric","Active","PGH","No","No","No","5","Health and Human Resources","None","792","No","No","No","No","No","792"
"730","Brunswick Correctional Center","Brunswick Correctional Center","Active","BWCC","No","Yes","No","6","Public Safety and Homeland Security","None","799","No","No","No","No","No","799"
"733","Sussex One State Prison","Sussex One Correctional Center","Active","SICC","No","Yes","No","6","Public Safety and Homeland Security","None","799","No","No","No","No","No","799"
"734","Sussex Two State Prison","Sussex Two Correctional Center","Active","SIICC","No","Yes","No","6","Public Safety and Homeland Security","None","799","No","No","No","No","No","799"
"735","Wallens Ridge State Prison","Wallens Ridge Correctional Center","Active","WRSP","No","Yes","No","6","Public Safety and Homeland Security","None","799","No","No","No","No","No","799"
"737","St. Brides Correctional Center","St. Brides Correctional Center","Active","SBCC","No","Yes","No","6","Public Safety and Homeland Security","None","799","No","No","No","No","No","799"
"739","Southern Virginia Mental Health Institute","Southern Virginia MHI","Active","SVMHI","No","No","No","5","Health and Human Resources","None","792","No","No","No","No","No","792"
"741","Red Onion State Prison","Red Onion Correctional Center","Active","ROSP","No","Yes","No","6","Public Safety and Homeland Security","None","799","No","No","No","No","No","799"
"742","Corrections--Employee Relations and Training","DOC--Human Resources & Training Academy","Active","DOC-ERT","No","Yes","No","6","Public Safety and Homeland Security","","799","No","No","No","No","No","799"
"743","Fluvanna Correctional Center for Women","Fluvanna Correctional Center for Women","Active","FWCC","No","Yes","No","6","Public Safety and Homeland Security","","799","No","No","No","No","No","799"
"745","Nottoway Correctional Center","Nottoway Correctional Center","Active","NCC","No","Yes","No","6","Public Safety and Homeland Security","None","799","No","No","No","No","No","799"
"747","Marion Correctional Center","Marion Correctional Center","Active","MCTC","No","Yes","No","6","Public Safety and Homeland Security","None","799","No","No","No","No","No","799"
"748","Hiram Davis Medical Center","Hiram Davis","Active","HDMC","No","No","No","5","Health and Human Resources","","793","No","No","No","No","No","793"
"749","Buckingham Correctional Center","Buckingham Correctional Center","Active","BUCC","No","Yes","No","6","Public Safety and Homeland Security","None","799","No","No","No","No","No","799"
"751","Department for the Deaf and Hard-Of-Hearing","Deaf & Hard of Hearing","Active","VDDHH","No","No","No","5","Health and Human Resources","134000","751","Yes","Yes","Yes","Yes","Yes","751"
"752","State Farm Complex","State Farm Complex","Active","SFC","No","Yes","No","6","Public Safety and Homeland Security","","799","No","No","No","No","No","799"
"753","Deerfield Correctional Center","Deerfield Correctional Center","Active","DFCC","No","Yes","No","6","Public Safety and Homeland Security","None","799","No","No","No","No","No","799"
"754","Augusta Correctional Center","Augusta Correctional Center","Active","ACC","No","Yes","No","6","Public Safety and Homeland Security","None","799","No","No","No","No","No","799"
"756","Department of Corrections--Division of Institutions","DOC--Division of Institutions","Active","DOC/DI","No","Yes","No","6","Public Safety and Homeland Security","None","799","No","No","No","No","No","799"
"757","Western Region Correctional Field Units","Western Region Field Units","Active","WRCFU","No","Yes","No","6","Public Safety and Homeland Security","None","799","No","No","No","No","No","799"
"760","Central Region Correctional Field Units","Central Region Field Units","Active","CRCFU","No","Yes","No","6","Public Safety and Homeland Security","None","799","No","No","No","No","No","799"
"761","Baskerville Correctional Center","Baskerville Correctional Center","Active","BACC","No","Yes","No","6","Public Safety and Homeland Security","","799","No","No","No","No","No","799"
"765","Department of Social Services","Social Services","Active","DSS","No","No","No","5","Health and Human Resources","145000","765","Yes","Yes","Yes","Yes","Yes","765"
"766","Virginia Parole Board","Parole Board","Active","VPB","No","No","No","6","Public Safety and Homeland Security","170000","766","Yes","Yes","Yes","Yes","Yes","766"
"767","Division of Community Corrections","Community Corrections","Active","DOC/ DCC","No","Yes","No","6","Public Safety and Homeland Security","None","799","No","No","No","No","No","799"
"768","Keen Mountain Correctional Center","Keen Mountain Correctional Center","Active","KMCC","No","Yes","No","6","Public Safety and Homeland Security","None","799","No","No","No","No","No","799"
"769","Greensville Correctional Center","Greensville Correctional Center","Active","GVCC","No","Yes","No","6","Public Safety and Homeland Security","None","799","No","No","No","No","No","799"
"770","Dillwyn Correctional Center","Dillwyn Correctional Center","Active","DWCC","No","Yes","No","6","Public Safety and Homeland Security","None","799","No","No","No","No","No","799"
"771","Indian Creek Correctional Center","Indian Creek Correctional Center","Active","ICCC","No","Yes","No","6","Public Safety and Homeland Security","None","799","No","No","No","No","No","799"
"772","Haynesville Correctional Center","Haynesville Correctional Center","Active","HCC","No","Yes","No","6","Public Safety and Homeland Security","None","799","No","No","No","No","No","799"
"773","Coffeewood Correctional Center","Coffeewood Correctional Center","Active","CWCC","No","Yes","No","6","Public Safety and Homeland Security","None","799","No","No","No","No","No","799"
"774","Lunenburg Correctional Center","Lunenburg Correctional Center","Active","LCC","No","Yes","No","6","Public Safety and Homeland Security","None","799","No","No","No","No","No","799"
"775","Pocahontas State Correctional Center","Pocahontas Correctional Center","Active","PSCC","No","Yes","No","6","Public Safety and Homeland Security","None","799","No","No","No","No","No","799"
"776","Green Rock Correctional Center","Green Rock Correctional Center","Active","GRCC","No","Yes","No","6","Public Safety and Homeland Security","None","799","No","No","No","No","No","799"
"777","Department of Juvenile Justice","Juvenile Justice","Active","DJJ","No","No","No","6","Public Safety and Homeland Security","166000","777","Yes","Yes","Yes","Yes","Yes","777"
"778","Department of Forensic Science","Forensic Science","Active","DFS","No","No","No","6","Public Safety and Homeland Security","165000","778","Yes","Yes","Yes","Yes","Yes","778"
"779","Sussex I and II State Prisons Complex","Sussex I and II State Prisons Complex","Active","SSPC","No","No","No","6","Public Safety and Homeland Security","","799","No","No","No","No","No","799"
"784","Lawrenceville Correctional Center","Lawrenceville Correctional Center","Active","LVCC","No","No","No","6","Public Safety and Homeland Security","","799","No","No","No","No","No","799"
"785","River North Correctional Center","River North Correctional Center","Active","RNCC","No","Yes","No","6","Public Safety and Homeland Security","","799","No","No","No","No","No","799"
"786","Culpeper Correctional Facility for Women","Culpeper Correctional Facility for Women","Active","CCCW","No","No","No","6","Public Safety and Homeland Security","","799","No","No","No","No","No","799"
"790","Grants to Localities","Community Services Boards","Active","DBDHS/GL","No","No","No","5","Health and Human Resources","139000","720","Yes","Yes","Yes","Yes","Yes","790"
"792","Mental Health Treatment Centers","Mental Health facilities","Active","MHTC","No","No","No","5","Health and Human Resources","140000","720","Yes","Yes","Yes","Yes","Yes","792"
"793","Intellectual Disabilities Training Centers","ID Training Centers","Active","IDTC","No","No","No","5","Health and Human Resources","141000","720","Yes","Yes","Yes","Yes","Yes","793"
"794","Virginia Center for Behavioral Rehabilitation","Sexually Violent Predator facility","Active","VCBR","No","No","No","5","Health and Human Resources","142000","720","Yes","Yes","Yes","Yes","Yes","794"
"795","Department of Corrections--Institutions","DOC--Institutions","Active","DOC-I","No","Yes","No","6","Public Safety and Homeland Security","","799","No","No","No","No","No","799"
"799","Department of Corrections","Corrections","Active","DOC","No","Yes","No","6","Public Safety and Homeland Security","161000","799","Yes","Yes","Yes","Yes","Yes","799"
"820","Capitol Square Preservation Council","Capitol Square Preservation","PBOnly","CSPC","No","No","No","7","Legislative","007000","107","No","No","No","No","No","107"
"834","Virginia Freedom of Information Advisory Council","Freedom of Information Advisory Council","Active","FIAC","No","No","No","7","Legislative","019000","107","Yes","Yes","Yes","Yes","No","834"
"836","Citizens' Advisory Council on Furnishing and Interpreting the Executive Mansion","Advisory Commission for Governor's Mansion","Active","CACFIEM","No","No","No","4","Executive Offices","","121","Yes","No","Yes","No","No","836"
"839","Virginia Commission on Youth","Youth Commission","Active","VCOY","No","No","No","7","Legislative","030580","839","Yes","Yes","Yes","Yes","No","839"
"840","Virginia Housing Commission","Housing Commission","Active","VHC","No","No","No","7","Legislative","020000","107","Yes","Yes","Yes","Yes","No","840"
"841","Department of Aviation","Aviation","Active","DOAV","No","No","No","9","Transportation","176000","841","Yes","Yes","Yes","Yes","Yes","841"
"842","Chesapeake Bay Commission","Chesapeake Bay Commission","Active","CBC","No","No","No","7","Legislative","030571","842","Yes","Yes","Yes","Yes","No","842"
"844","Joint Commission on Health Care","Health Care Commission","Active","JCHC","No","No","No","7","Legislative","030575","844","Yes","Yes","Yes","Yes","No","844"
"845","Dr. Martin Luther King, Jr. Memorial Commission","M. King Jr. Memorial Commission","Active","MLKMC","No","No","No","7","Legislative","010000","107","Yes","Yes","Yes","Yes","No","845"
"847","Joint Commission on Technology and Science","Technology & Science Commission","Active","JCOTS","No","No","No","7","Legislative","012000","107","Yes","Yes","Yes","Yes","No","847"
"848","Indigent Defense Commission","Indigent Defense","Active","IDC","No","No","No","8","Judicial","043000","848","Yes","Yes","Yes","Yes","Yes","848"
"851","Tobacco Region Revitalization Commission","Tobacco Commission","Active","TRRC","No","No","No","16","Commerce and Trade","080050","851","No","No","Yes","No","No","851"
"852","Virginia Foundation for Healthy Youth","Foundation for Healthy Youth ","Active","VFHY","No","No","No","5","Health and Human Resources","145050","852","No","No","Yes","No","No","852"
"856","Opioid Abatement Authority","Opioid Abatement Authority","Active","OAA","No","No","No","11","Independent Agencies","148001","856","Yes","Yes","Yes","Yes","Yes","856"
"858","Brown v. Board of Education Scholarship Committee","Brown v. Board of Education","Active","BBEDS","No","No","No","7","Legislative","021000","107","Yes","Yes","Yes","Yes","No","858"
"863","Commission on Electric Utility Regulation","Electric Utility Regulation Commission","Active","CEUR","No","No","No","7","Legislative","025000","863","Yes","No","Yes","No","No","863"
"876","Virginia Conflict of Interest and Ethics Advisory Council","Conflict of Interest","Active","VCIEAC","No","No","No","7","Legislative","030505","107","Yes","Yes","Yes","Yes","No","876"
"879","Commission on the May 31, 2019 Virginia Beach Mass Shooting","Commission on the May 31, 2019 Virginia Beach Mass Shooting","Active","CMVBS","No","No","No","7","Legislative","030568","107","Yes","Yes","Yes","Yes","No","879"
"880","Commission to Study Slavery and Subsequent De Jure and De Facto Racial and Economic Discrimination Against African Americans","Commission to Study Slavery and Subsequent De Jure and De Facto Racial and Economic Discrimination Against African Americans","Active","CSSREDAA","No","No","No","7","Legislative","030570","107","Yes","Yes","Yes","Yes","No","880"
"882","Behavioral Health Commission","Behavioral Health Commission","Active","BHC","No","No","No","7","Legislative","030581","882","Yes","Yes","No","No","No","882"
"883","American Revolution 250 Commission","American Revolution 250 Commission","Active","ARC","No","No","No","7","Legislative","030590","883","Yes","No","Yes","No","No","883"
"885","Institute for Advanced Learning and Research","Institute for Advanced Learning","Active","IALR","No","No","No","3","Education","117000","885","Yes","Yes","Yes","Yes","Yes","885"
"902","Puller Veterans Care Center","Puller Veterans Care Center","Active","P-VCC","No","No","No","20","Veterans and Defense Affairs","","912","No","No","Yes","Yes","No","912"
"903","Jones and Cabacoy Veterans Care Center","Jones and Cabacoy Veterans Care Center","Active","JC-VCC","No","No","No","20","Veterans and Defense Affairs","","912","No","No","Yes","Yes","No","912"
"912","Department of Veterans Services","Veterans Services","Active","DVS","No","No","No","20","Veterans and Defense Affairs","183030","912","Yes","Yes","Yes","Yes","Yes","912"
"913","Veterans Services Foundation","Veterans Services Foundation","Active","VSF","No","No","No","20","Veterans and Defense Affairs","183500","913","Yes","Yes","Yes","Yes","Yes","913"
"921","Interstate Organization Contributions","Interstate Organizations","Active","IOC","No","No","No","4","Executive Offices","055000","921","Yes","Yes","Yes","Yes","No","921"
"922","Sitter & Barfoot Veterans Care Center","Sitter & Barfoot Care Center","Active","SBVCC","No","No","No","20","Veterans and Defense Affairs","","912","No","No","Yes","Yes","No","912"
"935","Roanoke Higher Education Authority","Roanoke Higher Ed Center","Active","RHEA","No","No","No","3","Education","118000","935","Yes","Yes","Yes","Yes","Yes","935"
"936","Southeastern Universities Research Association Doing Business for Jefferson Science Associates, LLC","Jefferson Lab","Active","JSA","No","No","No","3","Education","121000","936","Yes","Yes","Yes","Yes","Yes","936"
"937","Southern Virginia Higher Education Center","Southern Virginia Higher Ed Center","Active","SVHEC","No","No","No","3","Education","119000","937","Yes","Yes","Yes","Yes","Yes","937"
"938","New College Institute","New College Institute","Active","NCI","No","No","No","3","Education","116000","938","Yes","Yes","Yes","Yes","Yes","938"
"941","Virginia College Building Authority","College Building Authority","Active","VCBA","No","No","No","3","Education","122500","941","Yes","Yes","Yes","Yes","No","941"
"942","Virginia Museum of Natural History","Natural History","Active","VMNH","No","No","No","3","Education","112010","942","Yes","Yes","Yes","Yes","Yes","942"
"948","Southwest Virginia Higher Education Center","Southwest Virginia Higher Ed Center","Active","SWHEC","No","No","No","3","Education","120000","948","Yes","Yes","Yes","Yes","Yes","948"
"949","Central Capital Outlay","Central Capital","Active","CCO","No","No","No","10","Central Appropriations","185000","949","Yes","Yes","Yes","Yes","No","949"
"950","9(C) Revenue Bonds","9 (C) Bonds","Active","RBNC","No","No","No","10","Central Appropriations","185500","950","Yes","Yes","Yes","Yes","No","950"
"951","9(D) Revenue Bonds","9 (D) Bonds","Active","RBND","No","No","No","10","Central Appropriations","186000","951","Yes","Yes","Yes","Yes","No","951"
"957","Commonwealth's Attorneys' Services Council","Commonwealth Attorneys' Services","Active","CASC","No","No","No","6","Public Safety and Homeland Security","158000","957","Yes","Yes","Yes","Yes","Yes","957"
"960","Department of Fire Programs","Fire Programs","Active","DFP","No","No","No","6","Public Safety and Homeland Security","164000","960","Yes","Yes","Yes","Yes","Yes","960"
"961","Division of Capitol Police","Capitol Police","Active","DCP","No","No","No","7","Legislative","004000","961","Yes","Yes","Yes","Yes","No","961"
"972","Virginia Resources Authority","Resources Authority","Active","VRA","No","No","No","13","Finance","","190","No","No","Yes","Yes","No","190"
"977","Virginia Cannabis Control Authority","Virginia Cannabis Control Authority","Active","VCCA","No","No","No","11","Independent Agencies","159001","977","Yes","Yes","Yes","Yes","No","977"
"980","In-State Undergraduate Tuition Moderation","In-State Undergraduate Tuition Moderation","Active","IUTM","No","No","No","3","Education","123000","980","Yes","Yes","Yes","Yes","No","980"
"984","Maintain Affordable Access","Maintain Affordable Access","Active","MAA","No","No","No","3","Education","123010","984","Yes","Yes","Yes","Yes","No","984"
"986","State Grants to Nonstate Entities-Nonstate Agencies","Nonstate Agencies","Active","GNSA","No","No","No","17","State Grants to Nonstate Entities","193000","986","Yes","Yes","Yes","Yes","No","986"
"989","Higher Education Research Initiative","Higher Education Research","Active","HERI","No","No","No","3","Education","122000","989","Yes","Yes","No","No","No","989"
"990","Appropriation Vetoes","Appropriation Vetoes","Active","AV","No","No","No","10","Central Appropriations","","990","No","No","Yes","Yes","No","990"
"991","Higher Education Cross-Cutting","Higher Education Cross-Cutting","Active","HECC","No","No","No","3","Education","086020","991","No","No","Yes","Yes","No","991"
"992","Planned Reversions","Planned Reversions","Active","PR","No","No","No","10","Central Appropriations","","992","No","No","Yes","No","No","992"
"993","Treasury Construction Financing","Treasury Construction Financing","Active","TD-CF","No","No","No","13","Finance","","152","No","No","Yes","Yes","No","152"
"994","Department of Treasury - Trust Funds ","Department of Treasury - Trust Funds ","Active","TD-TF","No","No","No","13","Finance","","152","No","No","Yes","Yes","No","152"
"995","Central Appropriations","Central Accounts","Active","CA","No","No","No","10","Central Appropriations","184000","995","Yes","Yes","Yes","Yes","No","995"
"996","Department of Treasury - Statewide Activities  ","Department of Treasury - Statewide Activities  ","Active","TD-SWA","No","No","No","13","Finance","","152","No","No","Yes","Yes","No","152"
"997","Department of Accounts-Statewide Activities","Sick Pay","Active","DOA-SA","No","No","No","13","Finance","","151","No","No","Yes","Yes","No","151"
"998","Department of Accounts - City/County Treasurers","Department of Accounts - City/County Treasurers","Active","DOA-CCT","No","No","No","13","Finance","","151","No","No","No","No","No","151"
"999","Virginia Alcoholic Beverage Control Authority","Alcoholic Beverage Control","Active","ABC","No","No","No","11","Independent Agencies","191010","999","Yes","Yes","Yes","Yes","Yes","999"
